title, summary, image_ref, source, published_at
Use your tax return to pay off credit, EBT-ridden Aust..., http://resources0.news.com.au/images/2015/09/13/1227525/121664-9a5a7f6e-59be-11e5-82be-38282d6ee84e.jpg, http://www.news.com.au/finance/consumers-take-tax-axe-to-credit-card-debts/story-e6frfm1i-1227525123004?from=public_rss, Mon, 14 Sep 2015 00:04:00 +0000
Jail staff fear vicious Bryant, E KILLED 35 peo..., http://resources2.news.com.au/images/2015/09/13/1227525/578138-3f561cfa-58f5-11e5-82be-38282d6ee84e.jpg, http://www.news.com.au/national/crime/mass-murderer-martin-bryant-is-a-danger-to-front-line-jail-worker-says-police-officer-instrumental-in-arresting-him/story-fns0kb1g-1227525400242?from=public_rss, Mon, 14 Sep 2015 00:02:00 +0000
How to survive the end of the world, E KEEP hearing ..., http://resources3.news.com.au/images/2015/09/14/1227525/938155-acd2f87a-55d0-11e5-ade8-2efb76e8d469.jpg, http://www.news.com.au/technology/environment/how-to-survive-the-end-of-the-world/story-fnjwvztl-1227524818123?from=public_rss, Sun, 13 Sep 2015 23:36:00 +0000
Grieving dad’s undercover drugs mission,  DEVASTATED fat..., http://resources1.news.com.au/images/2015/09/14/1227525/917113-a21a7212-5852-11e5-9b0f-3fea82bc0970.jpg, http://www.news.com.au/entertainment/tv/rod-bridge-went-to-china-to-learn-the-truth-about-the-synthetic-drug-trade/story-fn8yvfst-1227524918234?from=public_rss, Sun, 13 Sep 2015 23:23:00 +0000
‘We will lose Canning if this continues’, ONTINUED leader..., http://resources1.news.com.au/images/2015/09/14/1227525/914381-109189cc-5a6c-11e5-82be-38282d6ee84e.jpg, http://www.news.com.au/national/politics/liberal-leadership-prime-minister-tony-abbott-under-pressure-over-canning-by-election/story-fns0jze1-1227525914778?from=public_rss, Sun, 13 Sep 2015 23:22:00 +0000
Abbott’s downfall: This is how it could happen, RIME Minister T..., http://resources0.news.com.au/images/2015/09/14/1227525/855424-86166d28-5a64-11e5-93f1-755dafb8ee5a.jpg, http://www.news.com.au/finance/work/tony-abbott-leadership-challenge-the-key-players-and-what-theyd-have-to-do/story-fn5tas5k-1227525855456?from=public_rss, Sun, 13 Sep 2015 22:13:00 +0000
Wedding horror couple ‘just trying to move on’, T was supposed ..., http://resources0.news.com.au/images/2015/09/14/1227525/812148-c7bd7a22-5a56-11e5-9b0f-3fea82bc0970.jpg, http://www.news.com.au/lifestyle/real-life/sydney-bridal-party-member-attempts-to-run-over-wedding-guests/story-fnq2o7dd-1227524805568?from=public_rss, Sun, 13 Sep 2015 22:08:00 +0000
Tax myths busted: This is going to hurt, HERE&#8217;S no..., http://resources3.news.com.au/images/2015/09/14/1227525/847095-e5db6044-5a62-11e5-93f1-755dafb8ee5a.jpg, http://www.news.com.au/finance/economy/tax-myth-busted-this-is-going-to-hurt/story-fnu2pwk8-1227525812060?from=public_rss, Sun, 13 Sep 2015 21:37:00 +0000
Sex in jail: ‘People just think you’re dirty’, REE-ANNA desper..., http://resources1.news.com.au/images/2015/09/14/1227525/760833-b92306ae-5780-11e5-ade8-2efb76e8d469.jpg, http://www.news.com.au/lifestyle/real-life/conjugal-visits-the-woman-who-wants-australian-prisons-to-let-love-in/story-fnu2q5nu-1227525592303?from=public_rss, Sun, 13 Sep 2015 21:17:00 +0000
‘I’m just known as a meth head’, ACQUI Lambie&#8..., http://resources0.news.com.au/images/2015/09/13/1227524/931952-b7622210-59be-11e5-9b0f-3fea82bc0970.jpg, http://www.news.com.au/lifestyle/relationships/jacqui-lambies-son-hits-out-at-ice-claims/story-fnet0he2-1227524932442?from=public_rss, Sun, 13 Sep 2015 21:14:00 +0000
