author ,title ,summary ,images ,source ,date
Blank ,Beat the post holiday blues ,There's no need to dread going back to work if you follow these great tips to get back to business. ,Blank ,http://theage.com.au/small-business/growing/beat-the-post-holiday-blues-20150127-12z873.html ,Tue 17 Feb 2015 07:28:04 -0000
Blank ,Six top business lessons ,What's the best advice Australia's most successful entrepreneurs have ever followed?   ,Blank ,http://theage.com.au/small-business/trends/six-top-business-lessons-20150413-1mjrpd.html ,Sun 26 Apr 2015 20:36:23 -0000
Blank ,What price exotic beer? ,A local craft brew portal wants to know which overseas ales local drinkers admire. ,Blank ,http://theage.com.au/small-business/growing/what-price-exotic-beer-20150414-1mkvp2.html ,Tue 28 Apr 2015 09:26:48 -0000
Blank ,The Aussie email marketing gurus ,Which local success story has more than 120,000 clients in 170 countries?   ,Blank ,http://theage.com.au/small-business/growing/the-aussie-email-marketing-gurus-20150407-1mgcu1.html ,Tue 07 Jul 2015 19:30:21 -0000
Blank ,Removalist hit by bullet while shifting wardrobe ,A man is in stable condition at the Royal Melbourne Hospital after being shot in the finger while removing furniture at an Essendon house. ,Blank ,http://theage.com.au/victoria/removalist-hit-by-bullet-while-shifting-wardrobe-20150819-gj36vz.html ,Wed 19 Aug 2015 13:20:23 -0000
Blank ,Tony Abbott shifts focus to jobs and trade but leaks continue ,Tony Abbott has unleashed a fresh parliamentary assault on the ALP, but his attempt to regain the upper hand has again been undermined by leaks and disunity from his own government. ,Blank ,http://theage.com.au/federal-politics/political-news/tony-abbott-shifts-focus-to-jobs-and-trade-but-leaks-continue-20150819-gj2u0f.html ,Wed 19 Aug 2015 13:17:44 -0000
Blank ,TV networks win right to broadcast AFL/NRL in HD but change may be too late for grand finals ,Sports fans may have to wait another year to watch the AFL and NRL grand finals in high definition, even though legislation allowing the free-to-air television networks to broadcast the matches in HD is expected to become law within weeks. ,Blank ,http://theage.com.au/federal-politics/political-news/tv-networks-win-right-to-broadcast-aflnrl-in-hd-but-change-may-be-too-late-for-grand-finals-20150819-gj2xb9.html ,Wed 19 Aug 2015 13:15:19 -0000
Blank ,Man interviewed over Lakes Entrance fatal ,Police have spoken to an 81-year-old in relation to a fatal collision in Lakes Entrance on Tuesday night. ,Blank ,http://theage.com.au/victoria/man-interviewed-over-lakes-entrance-fatal-20150819-gj36zj.html ,Wed 19 Aug 2015 13:09:51 -0000
Blank ,John Hargreaves joining charge to change Canberra's pokie laws  ,Former Labor minister John Hargreaves has joined calls for $50 notes to be allowed in Canberra's poker machines, telling an assembly committee the financial viability of community organisations was at risk.  ,Blank ,http://theage.com.au/act-news/john-hargreaves-joining-charge-to-change-canberras-pokie-laws-20150819-gj2kae.html ,Wed 19 Aug 2015 13:07:02 -0000
Blank ,Cyanide at Majors Creek gold mine poses health risk for coast: report   ,New report warns of cyanide risk to 100,000 people, but it's scaremongering says gold miner. ,Blank ,http://theage.com.au/act-news/cyanide-at-majors-creek-gold-mine-poses-health-risk-for-coast-report-20150819-gj2dkd.html ,Wed 19 Aug 2015 13:06:15 -0000
Blank ,ACT Scientist of the Year Dr Colin Jackson wants to inspire next generation ,He's helping to stamp out pesticide resistance and tackles debilitating diseases. Now Dr Jackson is scientist of year. ,Blank ,http://theage.com.au/act-news/act-scientist-of-the-year-dr-colin-jackson-wants-to-inspire-next-generation-20150819-gj2nhv.html ,Wed 19 Aug 2015 13:05:44 -0000
Blank ,Turkey: Gunfire near Dolmabahce Palace in Istanbul two arrested ,Turkish police detained two suspects after a shooting near Istanbul's Dolmabahce Palace, popular with tourists and home to the Prime Minister's Istanbul offices, the Dogan news agency said. ,Blank ,http://theage.com.au/world/gunfire-heard-near-entrance-to-dolmabahce-palace-in-istanbul--news-agency-20150819-gj36o3.html ,Wed 19 Aug 2015 13:04:52 -0000
Blank ,Danny Green v Roberto Bolonti: boxing fight from Hisense Arena in Melbourne ,Perth boxing champ Danny Green returns to the ring for the first time in nearly three years when he takes on Argentina's Roberto Bolonti at Melbourne's Hisense Arena on Wednesday evening. ,Blank ,http://theage.com.au/sport/boxing/danny-green-v-roberto-bolonti-boxing-fight-from-hisense-arena-in-melbourne-20150818-gj1qls.html ,Wed 19 Aug 2015 11:29:31 -0000
Blank ,Relationship between Indonesia and Australia 'much better' says Indonesian Vice President ,Indonesian Vice President Jusuf Kalla has said the relationship between Indonesia and Australia is "much better" as Justice Minister Michael Keenan became the first Australian minister to visit the country since the Bali nine executions. ,Blank ,http://theage.com.au/world/relationship-between-indonesia-and-australia-much-better-says-indonesian-vice-president-20150819-gj370u.html ,Wed 19 Aug 2015 13:01:45 -0000
Blank ,Sydney FC fire in second half for 3-0 win against Belconnen United in Canberra ,Three goals in the final 20 minutes has ensured Sydney FC leaves Canberra with a confidence-boosting win ahead of their FFA Cup round of 16 clash. ,Blank ,http://theage.com.au/sport/act-sport/soccer-sydney-fc-v-belconnen-united-20150819-gj30uk.html ,Wed 19 Aug 2015 13:01:15 -0000
Blank ,Report says children as young as seven sexually abused exploited in state care ,Children as young as seven are being subjected to sexual abuse and exploitation in the state's residential care units, according to a shocking report that examined almost 200 cases of abuse. ,Blank ,http://theage.com.au/victoria/children-as-young-as-seven-sexually-abused-exploited-in-state-care-report-20150819-gj2f6e.html ,Wed 19 Aug 2015 12:50:40 -0000
Blank ,Police allege more than 2000 cannabis plants recovered in raid ,A 61-year-old Belgrave man has been charged after police allegedly siezed more than 2000 cannabis plants from several addresses in the eastern suburbs on Wednesday morning. ,Blank ,http://theage.com.au/victoria/police-allege-more-than-2000-cannabis-plants-recovered-in-raid-20150819-gj36kq.html ,Wed 19 Aug 2015 12:40:01 -0000
Blank ,Man five times over the legal alcohol limit charged following crash that left woman in hospital in Marulan ,A man driving with a blood alcohol level five times over the legal limit has been charged following a crash that left one woman in hospital in Marulan. ,Blank ,http://theage.com.au/nsw/man-five-times-over-the-legal-alcohol-limit-charged-following-crash-that-left-woman-in-hospital-in-marulan-20150819-gj36o9.html ,Wed 19 Aug 2015 12:38:52 -0000
Blank ,Jason Day will do whatever it takes to be leader of golf's new world order ,Jason Day made his first major headlines as a brash, outrageously talented 17-year-old. ,Blank ,http://theage.com.au/sport/golf/jason-day-will-do-whatever-it-takes-to-be-leader-of-golfs-new-world-order-20150819-gj33ww.html ,Wed 19 Aug 2015 12:34:41 -0000
Blank ,Up to his ankles in bulldust: Tony Abbott hoofs it leak follows  ,Tony Abbott was far from Canberra on Wednesday morning, up to his ankles in bulldust, and wishing, without doubt, he could stay there. ,Blank ,http://theage.com.au/federal-politics/political-news/up-to-his-ankles-in-bulldust-tony-abbott-hoofs-it-leak-follows-20150819-gj2pdw.html ,Wed 19 Aug 2015 12:34:04 -0000
Blank ,Call for children in need to be placed with older siblings rather than state care ,Mark Mattei has a surprisingly upbeat attitude about his childhood, despite living in 40 different foster homes and going through the doors of 15 schools. ,Blank ,http://theage.com.au/victoria/call-for-children-in-need-to-be-placed-with-older-siblings-rather-than-state-care-20150819-gj2twq.html ,Wed 19 Aug 2015 12:27:55 -0000
Blank ,Donna Vekic breaks silence over Nick Kyrgios' infamous 'banged your girlfriend' sledge ,Donna Vekic has spoken publicly for the first time since Nick Kyrgios' infamous sledge, saying she hoped the controversial Australian tennis player would learn a lesson from the outrage. ,Blank ,http://theage.com.au/sport/tennis/donna-vekic-breaks-silence-over-nick-kyrgios-infamous-banged-your-girlfriend-sledge-20150819-gj2yed.html ,Wed 19 Aug 2015 12:18:06 -0000
Blank ,Pat Rafter gets last laugh with Nick Kyrgios no longer a Bonds ambassador ,When Bonds marked its centenary at Cafe Sydney, Mr Tennis Talk of the moment was conspicuous by his absence. ,Blank ,http://theage.com.au/lifestyle/fashion/pat-rafter-gets-last-laugh-with-nick-kyrgios-no-longer-a-bonds-ambassador-20150819-gj345f.html ,Wed 19 Aug 2015 12:16:33 -0000
Blank ,Deaf trio committed to stand trial for murder of deaf man who fell to his death ,Three deaf people  to stand trial on murder over the death of a deaf man who fell from an apartment balcony are unfit to stand, their lawyers claim. ,Blank ,http://theage.com.au/victoria/deaf-trio-committed-to-stand-trial-for-murder-of-deaf-man-who-fell-to-his-death-20150819-gj2x0e.html ,Wed 19 Aug 2015 12:14:09 -0000
Blank ,Female drivers Renee Gracie and Simona De Silvestro team up for Bathurst 1000 ,Two women will team up on the Bathurst 1000 grid this year: one has claimed an IndyCar podium, the other is 'not like the other girls that come and go'. ,Blank ,http://theage.com.au/sport/motorsport/female-drivers-renee-gracie-and-simona-de-silvestro-team-up-for-bathurst-1000-grid-20150819-gj2rni.html ,Wed 19 Aug 2015 12:12:53 -0000
Blank ,Western Sydney Wanderers weighing up playing games at Belmore Sportsground ,With Pirtek Stadium poised to be demolished for a $300 million, 30,000-seat stadium, the Western Sydney Wanderers have begun exploring the possibility of moving games to Belmore Sportsground during construction. ,Blank ,http://theage.com.au/sport/soccer/western-sydney-wanderers/western-sydney-wanderers-weighing-up-playing-games-at-belmore-sportsground-20150819-gj2o57.html ,Wed 19 Aug 2015 12:12:28 -0000
Blank ,Police release sketch of Bangkok bombing suspect urge him to come forward ,Thai Royal Police have released a sketch of the face of Bangkok's suspected mass killer. ,Blank ,http://theage.com.au/world/police-release-sketch-of-bangkok-bombing-suspect-urge-him-to-come-forward-20150819-gj36jj.html ,Wed 19 Aug 2015 12:24:06 -0000
Blank ,Treasury Wine Estates bringing 'brosé' to Australia this summer ,A year is not a long time for a wine vintage, but its a very long time in the wine business.  ,Blank ,http://theage.com.au/business/retail/treasury-wine-estates-bringing-bros-to-australia-this-summer-20150819-gj2q0c.html ,Wed 19 Aug 2015 12:06:14 -0000
Blank ,Dying with Dignity campaigner Ray Godbold farewelled by family ,The family sat together at the kitchen table in Inverloch, sad but smiling, and ready to speak about Raymond Grant Godbold, who died one week ago. ,Blank ,http://theage.com.au/victoria/dying-with-dignity-campaigner-ray-godbold-farewelled-by-family-20150819-gj2nvw.html ,Wed 19 Aug 2015 12:06:03 -0000
Blank ,Ashes 2015: We're desperate to send Michael Clarke and Chris Rogers out in style ,There is nothing we can do about the past and a great deal we can do about the future. It's been a tough couple of weeks with the disappointment of losing the Ashes. We have all felt it deeply. ,Blank ,http://theage.com.au/sport/cricket/the-ashes/ashes-2015-were-desperate-to-send-michael-clarke-and-chris-rogers-out-in-style-20150819-gj2vps.html ,Wed 19 Aug 2015 12:00:39 -0000
Blank ,Aidan Guerra says NRL 'got it wrong' on shoulder charge after judiciary clears him Issac Luke and Jorge Taufua ,Aidan Guerra says NRL "got it wrong" after he, Issac Luke and Jorge Taufua cleared of a shoulder charge while Blake Ferguson also escaped ban. ,Blank ,http://theage.com.au/rugby-league/league-news/nrl-judiciary-clears-issac-luke-of-shoulder-charge-20150819-gj2wlw.html ,Wed 19 Aug 2015 11:56:32 -0000
Blank , Israeli Film Festival opening night ,About Town: Scenes fromopening night of Israeli Film Festival at New Acton. ,Blank ,http://theage.com.au/act-news/photos/about-town/israeli-film-festival-opening-night-20150819-gj2wfm.html ,Wed 19 Aug 2015 11:49:25 -0000
Blank ,Shoulder surgery ends Jackson Trengove's AFL season ,Port Adelaide defender Jackson Trengove has had a shoulder reconstruction and will miss the remainder of the AFL season. ,Blank ,http://theage.com.au/afl/afl-news/shoulder-surgery-ends-jackson-trengoves-afl-season-20150819-gj36l3.html ,Wed 19 Aug 2015 11:41:23 -0000
Blank ,The saddest trip for Rebekka Meyer's mother and sister ,Like many in the Scandinavian country of Denmark, Mikala Liemann and her daughter Tania Lousdal Jensen long dreamed of visiting the country where the sun always shines. ,Blank ,http://theage.com.au/queensland/the-saddest-trip-for-rebekka-meyers-mother-and-sister-20150819-gj36fd.html ,Wed 19 Aug 2015 11:40:04 -0000
Blank ,ACT Bar says DPP reinstated without transparent process or proper consultation  ,A peak legal body has slammed the ACT government for a lack of transparency in reappointing ACT Director of Public Prosecutions Jon White for a further three years. ,Blank ,http://theage.com.au/act-news/act-bar-says-dpp-reinstated-without-transparent-process-or-proper-consultation-20150819-gj2pfv.html ,Wed 19 Aug 2015 11:39:53 -0000
Blank ,Rye Park wind farm developers offer cash grants to neighbours to get project back on track ,The developers of the Rye Park wind farm near Yass are extending the largesse beyond landowners hosting turbines to offer cash grants to neighbours, in an effort to get their project back on track. ,Blank ,http://theage.com.au/act-news/rye-park-wind-farm-developers-offer-cash-grants-to-neighbours-to-get-project-back-on-track-20150819-gj2k8c.html ,Wed 19 Aug 2015 11:39:26 -0000
Blank ,Canberra Short Film Festival to hone filmmakers' storytelling skills ,How do you tell a story in just 120 seconds? The challenge is honing the skill of the next generation of Australian filmmakers. ,Blank ,http://theage.com.au/act-news/canberra-life/canberra-short-film-festival-to-hone-filmmakers-storytelling-skills-20150819-gj2kqe.html ,Wed 19 Aug 2015 12:31:18 -0000
Blank ,National Gallery of Australia removes Kapoor artworks from display ,As a review into the provenance of all 5000 pieces in the National  Gallery of Australia's Asian art collection is underway, the gallery has removed from display all works acquired from the disgraced art dealer behind the looted Dancing Shiva. ,Blank ,http://theage.com.au/entertainment/art-and-design/national-gallery-of-australia-removes-kapoor-artworks-from-display-20150819-gj2ld5.html ,Wed 19 Aug 2015 11:38:27 -0000
Blank ,Waleed Aly shuts down Steve Price on The Project over 'greenies' ,Was the Price right or just grumpy? ,Blank ,http://theage.com.au/entertainment/tv-and-radio/waleed-aly-shuts-down-steve-price-on-the-project-over-greenies-20150819-gj36bq.html ,Wed 19 Aug 2015 11:35:08 -0000
Blank ,Eagle Will Schofield added to casualty ward ,West Coast are set to put their faith in two-game defender Tom Barrass as they attempt to quell the Western Bulldogs' talented forward line in Sunday's top-four showdown at Domain Stadium. ,Blank ,http://theage.com.au/afl/afl-news/eagle-will-schofield-added-to-casualty-ward-20150819-gj36hd.html ,Wed 19 Aug 2015 11:29:27 -0000
Blank ,Chinese drinkers supercharge Treasury Wine's Asian profits  ,Asia will become the biggest profit centre for Treasury Wine Estates within 18 months, outstripping the traditional heartland of Australia, and the United States where the firm has ploughed large sums of money on big acquisitions. ,Blank ,http://theage.com.au/business/china/china-drinkers-supercharge-treasury-wines-asian-profits-20150818-gj231g.html ,Wed 19 Aug 2015 11:18:26 -0000
Blank ,Long-term thinking SEEK takes aim at investor obsession with next profit result ,The chief executive of SEEK has slammed investors who are opposed to its plans to invest "very aggressively". ,Blank ,http://theage.com.au/business/media-and-marketing/longterm-thinking-seek-takes-aim-at-investor-obsession-with-next-profit-result-20150819-gj2rug.html ,Wed 19 Aug 2015 11:16:00 -0000
Blank ,Australian Medical Association calls on federal government to intervene in Medibank dispute ,Australian Medical Association president Brian Owler has ramped up his calls for the federal government to intervene in Medibank Private's bitter dispute with Calvary hospitals. ,Blank ,http://theage.com.au/national/australian-medical-association-calls-on-federal-government-to-intervene-in-medibank-dispute-20150819-gj2qxl.html ,Wed 19 Aug 2015 11:14:12 -0000
Blank ,Sydney prisoner charged with arranging hit on teen girl from inside jail ,A prisoner in a Sydney jail has been charged after he allegedly attempted to arrange for a 15-year-old girl to be murdered. ,Blank ,http://theage.com.au/nsw/sydney-prisoner-charged-for-arranging-hit-on-teen-girl-inside-silverwater-20150819-gj2i09.html ,Wed 19 Aug 2015 11:05:08 -0000
Blank ,Taxi driver Mark Farhad granted bail after Crows Nest hit and run ,There was one thing taxi driver Mark Farhad didn't do after an alleged hit-and-run that killed a 94 year-old woman on Sydney's lower north shore on Tuesday morning. ,Blank ,http://theage.com.au/nsw/taxi-driver-mark-farhad-granted-bail-after-crows-nest-hit-and-run-20150819-gj2u9z.html ,Wed 19 Aug 2015 10:59:46 -0000
Blank ,Tom Roberts exhibition at National Gallery of Australia to mark new focus ,The National Gallery of Australia is making  a "fundamental" change to its Australian art collection, beginning  with its summer blockbuster. ,Blank ,http://theage.com.au/entertainment/art-and-design/tom-roberts-exhibition-at-national-gallery-of-australia-to-mark-new-focus-20150818-gj24ma.html ,Wed 19 Aug 2015 10:59:10 -0000
Blank ,Tony Abbott's tactics to thwart coal mine critics ignore rules ,The Prime Minister and the Attorney-General have opened a new front in their war on environmental groups who oppose the Government's lust for big coal. ,Blank ,http://theage.com.au/comment/smh-letters/antimining-crackdown-spin-not-cricket-20150819-gj2hvz.html ,Wed 19 Aug 2015 10:59:08 -0000
Blank ,UFC to bring cage fighting to Etihad Stadium ,Etihad Stadium will host Australia’s first UFC title fight, scheduled for 15 November this year. ,Blank ,http://theage.com.au/sport/ufc-to-bring-cage-fighting-to-etihad-stadium-20150819-gj33yx.html ,Wed 19 Aug 2015 10:55:30 -0000
Blank ,Seven and Foxtel bid big for AFL despite pressure on profit ,How is it that Australia's two big footy codes have managed to push the two big free-to-air television networks and pay-TV operator Foxtel to pay a bundle to broadcast their games?  ,Blank ,http://theage.com.au/business/comment-and-analysis/seven-and-foxtel-bid-big-for-afl-despite-pressure-on-profit-20150819-gj2o9r.html ,Wed 19 Aug 2015 10:51:13 -0000
Blank ,AFL News: Mark Thompson visits James Hird to talk about the (better) old days ,When Mark "Bomber" Thompson visited James Hird on Tuesday night, the two former Essendon greats talked about old times. ,Blank ,http://theage.com.au/afl/afl-news/afl-news-mark-thompson-visits-james-hird-to-talk-about-the-better-old-days-20150819-gj35wh.html ,Wed 19 Aug 2015 10:58:40 -0000
Blank ,Julian Burnside commissions classical ode to wind farms as rebuke to Tony Abbott ,Julian Burnside, QC, a passionate patron of classical music, has commissioned a piece taking a stab at the government's stance on green energy. ,Blank ,http://theage.com.au/entertainment/music/julian-burnside-commissions-classical-ode-to-wind-farms-as-rebuke-to-tony-abbott-20150819-gj2kf0.html ,Wed 19 Aug 2015 10:47:40 -0000
Blank ,Auburn deputy mayor Salim Mehajer attends first council meeting after 'wedding of the century' ,Salim Mehajer, Auburn's man of the moment, has been fined $220 for "his conspicuous display of wealth"  the city's mayor has revealed. ,Blank ,http://theage.com.au/nsw/auburn-deputy-mayor-salim-mehajer-attends-first-council-meeting-after-wedding-of-the-century-20150819-gj33f8.html ,Wed 19 Aug 2015 10:47:30 -0000
Blank ,Broadcast windfall underlines players' push for percentage cut of AFL riches ,Surprised by the magnitude of the AFL's new $2.508 billion media rights deal, players boss Paul Marsh is even more intent on winning a percentage share of revenue for footballers.


The AFL Players Association chief executive has told Fairfax that if the players secure a percentage of the code's riches – a priority in their upcoming Collective Bargaining Agreement negotiations – the value of football's next broadcast deal could be even bigger.
 ,Blank ,http://theage.com.au/afl/broadcast-windfall-underlines-players-push-for-percentage-cut-of-afl-riches-20150819-gj2w4i.html ,Wed 19 Aug 2015 11:26:41 -0000
Blank ,Collingwood president Eddie McGuire fires up over Sydney Swans' trade ban fight ,Sydney would have a "very arguable" case if they were to take the AFL to court over the league's controversial trade restrictions, a leading sports lawyer has said. ,Blank ,http://theage.com.au/afl/sydney-swans/collingwood-president-eddie-mcguire-fires-up-over-sydney-swans-trade-ban-fight-20150819-gj2y4t.html ,Wed 19 Aug 2015 10:44:32 -0000
Blank ,Why Iggy Azalea prefers underwear that doesn't exploit her sexuality ,Iggy Azalea may get her Cottontails in a twist when dealing with "haters" on the internet but she's happy to represent the brand that brought us Nanna knickers for its feminist approach. ,Blank ,http://theage.com.au/lifestyle/fashion/why-iggy-azalea-prefers-underwear-that-doesnt-exploit-her-sexuality-20150819-gj33tw.html ,Wed 19 Aug 2015 10:35:05 -0000
Blank ,With money in the bank AFL eyes a major facelift for Etihad Stadium ,AFL has held a series of talks with tenant clubs, broadcast partners and sponsors with a view to transforming its Docklands home into a wider sporting and entertainment precinct. ,Blank ,http://theage.com.au/afl/afl-news/with-money-in-the-bank-afl-eyes-a-major-facelift-for-etihad-stadium-20150819-gj360u.html ,Wed 19 Aug 2015 12:13:52 -0000
Blank ,Maggie Tabberer coerced out of retirement for The Australian Women's Weekly ,Our original supermodel is back booking her last job at 78. ,Blank ,http://theage.com.au/lifestyle/celebrity/private-sydney/maggie-tabberer-coerced-out-of-retirement-for-the-australian-womens-weekly-20150819-gj2z37.html ,Wed 19 Aug 2015 10:28:56 -0000
Blank ,The Hills star Stephanie Pratt confesses to meth addiction in new memoir ,Former The Hills star Stephanie Pratt has just launched her new autobiography in which she details her teenage years spent abusing meth. ,Blank ,http://theage.com.au/entertainment/tv-and-radio/the-hills-star-stephanie-pratt-confesses-to-meth-addiction-in-new-memoir-20150819-gj35uf.html ,Wed 19 Aug 2015 10:21:25 -0000
Blank ,Patriotic fervour engulfs the National Gallery of Australia as it attempts to leave scandal behind ,Patriotic fervour has engulfed the National Gallery of Australia as it revealed a radical rehang of its collection of Australian art. ,Blank ,http://theage.com.au/entertainment/art-and-design/patriotic-fervour-engulfs-the-national-gallery-of-australia-as-it-attempts-to-leave-scandal-behind-20150819-gj2p0y.html ,Wed 19 Aug 2015 10:19:53 -0000
Blank ,Ashes 2015: Retiring Michael Clarke talking like Test end can't come quick enough ,Michael Clarke was emotional when he announced his retirement on the last day of the fourth Test. A week and a half on, however, there was not a trace of that as the 34-year-old prepared for his 115th and final Test. ,Blank ,http://theage.com.au/sport/cricket/the-ashes/ashes-2015-retiring-michael-clarke-talking-like-test-end-cant-come-quick-enough-20150818-gj2bgn.html ,Wed 19 Aug 2015 10:13:04 -0000
Blank ,CSIRO flags possible sale of Ginninderra research site ,The CSIRO has raised the prospect of selling its massive Ginninderra field station to make way for a new urban area on Canberra's northern outskirts. ,Blank ,http://theage.com.au/act-news/csiro-flags-possible-sale-of-ginninderra-research-site-20150819-gj2wez.html ,Wed 19 Aug 2015 10:12:10 -0000
Blank ,Super funds put more pressure on Transfield ,Half a dozen industry super funds say they are reviewing their investment in Transfield Services, citing risks in its operation of offshore detention centres. ,Blank ,http://theage.com.au/news/politics/national/super-funds-put-more-pressure-on-transfield-20150819-gj32o0.html ,Wed 19 Aug 2015 10:09:34 -0000
Blank ,Syria 'more difficult' to carry out air strikes military chief says ,RAAF air strikes against the Islamic State terror group in Syria would "not be a game changer" and in fact would be a "zero sum game" by taking efforts away from Iraq, Australia's military operations chief has said. ,Blank ,http://theage.com.au/federal-politics/political-news/syria-more-difficult-to-carry-out-air-strikes-military-chief-says-20150819-gj2wwy.html ,Wed 19 Aug 2015 10:00:52 -0000
Blank ,Canberra Raiders far better than a year ago: Jarrod Croker ,Canberra Raiders captain Jarrod Croker says when it comes to second-rower Sia Soliola you don't realise what you've got until he's gone. ,Blank ,http://theage.com.au/rugby-league/canberra-raiders/canberra-raiders-far-better-than-a-year-ago-jarrod-croker-20150819-gj2psa.html ,Wed 19 Aug 2015 10:00:13 -0000
Blank ,Apple bonds expected to hit billion dollar mark ,Tech giant Apple could raise up to $1 billion in a two-part bond sale that would break the record for the largest international corporate bond issue sold in Australian dollars.    ,Blank ,http://theage.com.au/business/apple-bonds-expected-to-hit-billion-dollar-mark-20150819-gj2vyh.html ,Wed 19 Aug 2015 09:58:50 -0000
Blank ,AFL CBA revolition: Women in mix for push over pay deals ,In a game changing push, the AFL Players Association wants to bring Australia's top female footballers into its tent - and ensure they are paid - as the league sets up a national competition for 2017. ,Blank ,http://theage.com.au/afl/afl-news/afl-cba-revolition-women-in-mix-for-push-over-pay-deals-20150819-gj34aq.html ,Wed 19 Aug 2015 09:57:25 -0000
Blank ,AFL: Grassroots funding starts in the toilet and spreads through communities ,Gillon McLachlan's pledge to bolster grassroots football with the $2.5 billion TV rights money is a broad-ranging ideal. ,Blank ,http://theage.com.au/afl/afl-grassroots-funding-starts-in-the-toilet-and-spreads-through-communities-20150819-gj31ew.html ,Wed 19 Aug 2015 09:52:42 -0000
Blank ,Harold Pinter's 'Betrayal' to make Canberra theatre audiences 'squirm' ,Nobel Prize Winner Harold Pinter's critically regarded play Betrayal has come to Canberra Theatre's audience to make them "squirm in their seats". ,Blank ,http://theage.com.au/act-news/canberra-life/harold-pinters-betrayal-to-make-canberra-theatre-audiences-squirm-20150819-gj2nf5.html ,Wed 19 Aug 2015 12:32:42 -0000
Blank ,Seven West swings to $1.9 billion loss on television write-downs ,Seven West Media chief executive Tim Worner claimed AFL has big advantages over NRL for television advertisers as the company plunged to $1.89 billion into the red after write-downs but beat analysts' forecasts for underlying profits. ,Blank ,http://theage.com.au/business/media-and-marketing/seven-west-swings-to-189b-loss-on-television-writedowns-20150817-gj1cku.html ,Wed 19 Aug 2015 09:50:00 -0000
Blank ,Coles withdraws lads' mag Zoo Weekly from sale after staff complaint and online campaign , "Breast and Fairest". It was headlines like these from controversial  lads' mag Zoo Weekly that prompted 23-year-old graphic designer Laura Pintur to co-sponsor  an online petition three months ago calling on major supermarkets to withdraw the publication from their shelves. ,Blank ,http://theage.com.au/business/media-and-marketing/coles-withdraws-lads-mag-zoo-weekly-from-sale-after-staff-complaint-and-online-campaign-20150819-gj2nek.html ,Wed 19 Aug 2015 09:49:37 -0000
Blank ,Celtic's Tom Rogic returns to the Socceroos for FIFA World Cup Qualifiers ,Ange Postecoglou says 'there won't be massive expectations' for Tom Rogic when he returns to the national team. ,Blank ,http://theage.com.au/sport/soccer/tom-rogic-returns-to-the-socceroos-for-fifa-world-cup-qualifiers-20150818-gj2ahy.html ,Wed 19 Aug 2015 09:45:27 -0000
Blank ,AFL boss Gillon McLachlan says success in Canberra 'inevitable' ,Will Giants' success on the field help the AFL regain lost ground in Canberra? ,Blank ,http://theage.com.au/afl/afl-news/afl-gil-mclachlan-20150819-gj2ooo.html ,Wed 19 Aug 2015 09:44:37 -0000
Blank ,Mike Hussey to captain Prime Minister's XI against New Zealand in Canberra ,Former Australian star Mike Hussey will get a second chance to captain the PM's XI and will lead the invitational side against New Zealand at Manuka Oval on October 23. ,Blank ,http://theage.com.au/sport/cricket/mike-hussey-to-captain-prime-ministers-xi-against-new-zealand-in-canberra-20150819-gj31a6.html ,Wed 19 Aug 2015 09:44:10 -0000
Blank ,Essendon crisis: Matthew Egan a man who's done it tough before ,Becoming an interim coach can be a handy leg-up or a poisoned chalice. But new Essendon senior man Matthew Egan, say his colleagues, has something going for him. His character. ,Blank ,http://theage.com.au/afl/afl-news/essendon-crisis-matthew-egan-a-man-whos-done-it-tough-before-20150819-gj331x.html ,Wed 19 Aug 2015 12:48:40 -0000
Blank ,Endangered fishing bats found around Sydney Harbour ,Rare micro fishing bats have been found taking up residence in some of Sydney's poshest harbourside areas. ,Blank ,http://theage.com.au/environment/animals/endangered-fishing-bats-found-around-sydney-harbour-20150818-gj1guf.html ,Wed 19 Aug 2015 09:38:37 -0000
Blank ,Cronulla Sharks props Andrew and David Fifita in strife again after turning up to St Mary's match despite ban ,The Penrith and District Junior Rugby League will table a written complaint to Cronulla after banned duo Andrew and David Fifita turned up to watch matches in the region last weekend. ,Blank ,http://theage.com.au/rugby-league/cronulla-sharks/cronulla-sharks-props-andrew-and-david-fifita-in-strife-again-after-turning-up-to-st-marys-match-despite-ban-20150819-gj35d5.html ,Wed 19 Aug 2015 09:37:27 -0000
Blank ,Arrium slumps to $1.9b loss ,Troubled steel and mining group Arrium said it was considering a sale of its mining consumables business as it slumped to a $1.9 billion loss because of impairment and restructuring charges. ,Blank ,http://theage.com.au/business/mining-and-resources/arrium-slumps-to-18b-loss-20150818-gj2c5j.html ,Wed 19 Aug 2015 09:36:59 -0000
Blank ,New Adventure World tornado slide promises unparalleled thrills ,The tallest, steepest and longest tornado slide on the planet nears completion at WA's favourite theme park – Adventure World. ,Blank ,http://theage.com.au/wa-news/adventure-world-first-glimpse-tallest-steepest-tornado-slide-on-earth-in-perth-20150819-gj2v4c.html ,Wed 19 Aug 2015 09:35:20 -0000
Blank ,Ben Simmons and LSU Tigers ready for sell-out games against Melbourne United ,Australia's next NBA draft pick Ben Simmons and his LSU Tigers will play in front of sell out crowds at Dandenong and Hisense Arena this week. ,Blank ,http://theage.com.au/sport/basketball/ben-simmons-and-lsu-tigers-ready-for-sellout-games-against-melbourne-united-20150819-gj2oz5.html ,Wed 19 Aug 2015 09:35:38 -0000
Blank ,Column 8: The Twain Shall Meet ,"Twain? I, for one, have often had cause to use the word, having opened a cafe in Summer Hill with my Asian partner in 1997, calling it, appropriately I thought, The Twain Shall Meet," writes Philip Du Rhone, of Redfern. ,Blank ,http://theage.com.au/comment/column-8/column-8-20150819-gj2lkx.html ,Wed 19 Aug 2015 09:33:39 -0000
Blank ,Woodside Petroleum profit drops 40pc on lower prices ,Woodside Petroleum chief executive Peter Coleman said he will not spend "precious cash" on lesser assets currently for sale but will wait until companies under financial pressure are forced to put their "crown jewels" on the market. ,Blank ,http://theage.com.au/business/energy/woodside-petroleum-profit-drops-40pc-on-lower-prices-20150818-gj1gvr.html ,Wed 19 Aug 2015 09:24:10 -0000
Blank ,Vacation review: Griswolds reboot not in the holiday spirit ,The reboot of the National Lampoon's Vacation franchise is a dispirited, laboured affair ,Blank ,http://theage.com.au/entertainment/movies/vacation-review-griswolds-reboot-not-in-the-holiday-spirit-20150819-gj2m22.html ,Wed 19 Aug 2015 09:19:57 -0000
Blank ,Ashley Madison hack: Australian cheaters' sexual fantasies laid bare ,Intimate details of sexual fantasies and personal information of Australian members of a cheating website have been released online. ,Blank ,http://theage.com.au/digital-life/consumer-security/ashley-madison-hack-australian-cheaters-sexual-fantasies-laid-bare-20150819-gj34cq.html ,Wed 19 Aug 2015 09:19:21 -0000
Blank ,Danny Green says Anthony Mundine fight still on cards ,Danny Green says old foe Anthony Mundine won't have anywhere left to hide, claiming a long-awaited rematch with the West Australian will soon be his only option for a high-profile fight.
 ,Blank ,http://theage.com.au/sport/boxing/danny-green-says-anthony-mundine-fight-still-on-cards-20150819-gj2p9a.html ,Wed 19 Aug 2015 09:18:27 -0000
Blank ,Dope review: Focus on inequality in teens' harsh search for rightful highs  ,A straight-A student who has his sights set on getting into Harvard becomes embroiled in the world's most unlikely drug cartel. ,Blank ,http://theage.com.au/entertainment/movies/dope-review-focus-on-inequality-in-teens-harsh-search-for-rightful-highs-20150819-gj2giv.html ,Wed 19 Aug 2015 09:17:09 -0000
